{"cameraMode":{"drawMode":0,"name":"Shaded","section":"Shading Mode"},"sceneLighting":true,"audioPlay":false,"sceneViewState":{"showFog":true,"showMaterialUpdate":false,"showSkybox":true,"showFlares":true,"showImageEffects":true,"showParticleSystems":true},"in2DMode":false,"pivot":{"x":2331.586181640625,"y":-20948.708984375,"z":495.36041259765627},"rotation":{"x":-0.05122906342148781,"y":0.6486173868179321,"z":-0.04387679696083069,"w":-0.758120059967041},"size":39.9782600402832,"orthographic":true}